props,A,G,L,M,F,W,K,Q,E,S,P,V,I,C,Y,H,R,N,D,T
AA,A,G,L,M,F,W,K,Q,E,S,P,V,I,C,Y,H,R,N,D,T
AA_num_key,1.0,2.0,3.0,4.0,5.0,6.0,7.0,8.0,9.0,10.0,11.0,12.0,13.0,14.0,15.0,16.0,17.0,18.0,19.0,20.0
AA_num_key_new,-0.15,-0.1,-0.95,-0.85,-0.45,-0.5,0.85,0.65,0.95,0.55,-0.4,-0.9,-1.0,0.5,0.1,0.75,0.9,0.7,1.0,0.45
charge_key,0.0,0.0,0.0,0.0,0.0,0.0,1.0,0.0,-1.0,0.0,0.0,0.0,0.0,-0.048,0.0,0.091,1.0,0.0,-1.0,0.0
hydrophobicity,0.33,1.14,-0.69,-0.44,-0.58,-0.24,1.81,0.19,1.61,0.33,-0.31,-0.53,-0.81,0.22,0.23,1.37,1.0,0.43,2.41,0.11
bulk,0.13721290451959514,0.1099971218049647,0.2165922707706006,0.2302001621279158,0.25854993578898916,0.29937360986093486,0.26081791768187507,0.2426740625387881,0.2426740625387881,0.1621607053413397,0.17463460575221199,0.18710850616308428,0.22112823455637232,0.16783066007355438,0.28916769134294845,0.24494204443167397,0.30050760080737776,0.21205630698482886,0.21205630698482886,0.1848405242701984
flex,0.984,1.031,0.935,0.952,0.915,0.904,1.102,1.037,1.094,1.046,1.049,0.931,0.927,0.906,0.929,0.95,1.008,1.048,1.068,0.997